StartDate,EndDate,Progress,Duration (in seconds),Finished,RecordedDate,LocationLatitude,LocationLongitude,DistributionChannel,UserLanguage,Q_RecaptchaScore,QID1718085942,QID64,QID66,QID69,QID65,QID67,QID68,QID14,QID20,QID22,QID34,QID35,QID36,QID28,QID38,QID39,QID73,QID74,QID75,QID41,QID42,QID43,QID44,QID45,QID47,QID46,QID52,QID51,QID50,QID49,QID53,QID55,QID54,QID56,QID58,QID 59,,,
2024-09-03 12:57:55,2024-09-03 13:02:32,100,276,TRUE,2024-09-03 13:02:32,38.9091,-77.0203,anonymous,EN,1,"I consent, begin the study",21,Female,76110,Several times per year,Single family stand alone home,3-4,I view them as equally important,Activity health benefits are a little more important,Activity health benefits are a little more important,Air and water filtration are a little more important,Increase in biodiversity is a little more important,Heat island reduction is a little more important,Increased foot traffic is a little more important,Increased foot traffic is a little more important,Community gathering spaces are a little more important,Personal benefits are a little more important,Ecological benefits are a little more important,Personal benefits are a little more important,Mildly agree,Mildly disagree,Mildly agree,Mildly disagree,Strongly agree,Strongly disagree,Strongly agree,Mildly disagree,Strongly agree,Mildly disagree,Mildly agree,Mildly agree,Mildly agree,Mildly disagree,Mildly agree,,A,,,
2024-09-05 13:29:50,2024-09-05 13:35:14,100,323,TRUE,2024-09-05 13:35:14,38.9091,-77.0203,anonymous,EN,1,"I consent, begin the study",,Female,20001,Almost never,Apartment complex,3-4,I view them as equally important,I view them as equally important,I view them as equally important,I view them as equally important,I view them as equally important,I view them as equally important,I view them as equally important,I view them as equally important,I view them as equally important,I view them as equally important,I view them as equally important,I view them as equally important,Unsure,Unsure,Unsure,Unsure,Unsure,Unsure,Unsure,Unsure,Unsure,Unsure,Unsure,Unsure,Unsure,Unsure,Unsure,N/A,A,,,
2024-09-05 14:00:41,2024-09-05 14:04:48,100,246,TRUE,2024-09-05 14:04:48,38.9091,-77.0203,anonymous,EN,1,"I consent, begin the study",20,Female,11692,Almost never,Apartment complex,3-4,I view them as equally important,Activity health benefits are a little more important,Mental health benefits are much more important,I view them as equally important,I view them as equally important,I view them as equally important,I view them as equally important,I view them as equally important,I view them as equally important,I view them as equally important,I view them as equally important,I view them as equally important,Strongly disagree,Mildly agree,Unsure,Unsure,Mildly agree,Strongly agree,Unsure,Mildly agree,Mildly disagree,Unsure,Mildly disagree,Mildly agree,Strongly agree,Mildly disagree,Mildly agree,no,A,,,
2024-09-05 14:07:39,2024-09-05 14:13:25,100,346,TRUE,2024-09-05 14:13:26,40.0558,-75.0773,anonymous,EN,1,"I consent, begin the study",,,,,Single family stand alone home,1-2,I view them as equally important,Recreation space benefits are a little more important,Mental health benefits are a little more important,,,Heat island reduction is much more important,Increased foot traffic is a little more important,Community gathering spaces are a little more important,Community gathering spaces are a little more important,Personal benefits are a little more important,I view them as equally important,I view them as equally important,Mildly agree,Mildly agree,Mildly disagree,Mildly agree,Unsure,Mildly disagree,Mildly disagree,Mildly disagree,Mildly agree,Mildly disagree,Mildly disagree,Unsure,Mildly disagree,Mildly agree,Mildly disagree,,A,,,
2024-09-05 14:08:29,2024-09-05 14:16:14,100,464,TRUE,2024-09-05 14:16:14,38.9091,-77.0203,anonymous,EN,0.899999976,"I consent, begin the study",23,Male,20009,Several times per month,Apartment complex,1-2,I view them as equally important,I view them as equally important1,I view them as equally important,I view them as equally important,Air and water filtration are a little more important,I view them as equally important,Increased home prices are a little more important,Community gathering spaces are a little more important,Community gathering spaces are a little more important,Personal benefits are a little more important,Economic/social benefits are a little more important,I view them as equally important,Mildly agree,Mildly agree,Strongly agree,Mildly agree,Strongly agree,Strongly agree,Strongly agree,Mildly disagree,Mildly agree,Strongly disagree,Mildly agree,Mildly disagree,Mildly agree,Strongly disagree,Strongly agree,,A,,,
2024-09-05 14:12:17,2024-09-05 14:18:10,100,352,TRUE,2024-09-05 14:18:10,39.0005,-76.9712,anonymous,EN,1,"I consent, begin the study",26,Other,20001,Several times per week,Apartment complex,1-2,I view them as equally important,Recreation space benefits are a little more important,Mental health benefits are a little more important,Heat island reduction is a little more important,Increase in biodiversity is much more important,Increase in biodiversity is a little more important,Increased foot traffic is a little more important,Community gathering spaces are much more important,Community gathering spaces are much more important,I view them as equally important,Ecological benefits are a little more important,Personal benefits are a little more important,Mildly agree,Mildly agree,Mildly agree,Mildly agree,Strongly agree,Strongly agree,Strongly agree,Mildly agree,Strongly agree,Strongly disagree,Mildly disagree,Strongly disagree,Mildly agree,Unsure,Strongly agree,,A,,,
2024-09-09 13:32:20,2024-09-09 13:40:21,100,481,TRUE,2024-09-09 13:40:22,39.0115,-76.969,anonymous,EN,1,"I consent, begin the study",29,Male,20001,Several times per week,Apartment complex,1-2,Mental health benefits are a little more important,Recreation space benefits are much more important,Mental health benefits are a little more important,Heat island reduction is much more important,Increase in biodiversity is much more important,I view them as equally important,Increased home prices are a little more important,Community gathering spaces are much more important,Community gathering spaces are much more important,I view them as equally important,Ecological benefits are a little more important,I view them as equally important,Strongly disagree,Mildly agree,Strongly agree,Mildly disagree,Strongly agree,Mildly agree,Strongly agree,Strongly disagree,Strongly agree,Strongly disagree,Mildly disagree,Strongly disagree,Mildly agree,Strongly disagree,Strongly agree,go earth woo!,A,,,
2024-09-09 13:44:25,2024-09-09 13:50:26,100,360,TRUE,2024-09-09 13:50:26,38.9091,-77.0203,anonymous,EN,0.699999988,"I consent, begin the study",29,Male,20001,Several times per week,Apartment complex,1-2,Mental health benefits are a little more important,Activity health benefits are a little more important,Mental health benefits are a little more important,Air and water filtration are a little more important,Air and water filtration are a little more important,Heat island reduction is a little more important,Increased home prices are a little more important,Increased foot traffic is a little more important,Increased home prices are a little more important,Personal benefits are a little more important,Economic/social benefits are a little more important,Personal benefits are a little more important,Strongly agree,Mildly disagree,Mildly agree,Mildly agree,Strongly agree,Strongly agree,Strongly agree,Strongly disagree,Strongly agree,Strongly disagree,Mildly agree,Mildly disagree,Mildly agree,Unsure,Mildly agree,,A,,,
2024-09-09 13:54:00,2024-09-09 14:01:00,100,420,TRUE,2024-09-09 14:01:01,39.0115,-76.969,anonymous,EN,1,"I consent, begin the study",20,Male,76151,Several times per month,Single family stand alone home,3-4,Mental health benefits are a little more important,I view them as equally important,Mental health benefits are much more important,Air and water filtration are a little more important,Increase in biodiversity is much more important,Increase in biodiversity is much more important,Increased foot traffic is much more important,Community gathering spaces are a little more important,Community gathering spaces are a little more important,Ecological benefits much more important,I view them as equally important,I view them as equally important,Unsure,Mildly disagree,Strongly agree,Strongly disagree,Mildly agree,Mildly disagree,Strongly agree,Unsure,Strongly agree,Mildly disagree,Strongly agree,Strongly disagree,Unsure,Mildly agree,Strongly agree,,A,,,
2024-09-09 14:29:16,2024-09-09 14:32:54,100,218,TRUE,2024-09-09 14:32:55,38.8892,-76.9417,anonymous,EN,1,"I consent, begin the study",65,Male,32901,Several times per week,Other,1-2,Mental health benefits are a little more important,Activity health benefits are a little more important,Mental health benefits are a little more important,Air and water filtration are a little more important,Air and water filtration are a little more important,I view them as equally important,Increased foot traffic is a little more important,I view them as equally important,Community gathering spaces are a little more important,Personal benefits are much more important,I view them as equally important,Personal benefits are much more important,Unsure,Mildly disagree,Mildly agree,Mildly agree,Mildly agree,Mildly agree,Mildly agree,Mildly disagree,Mildly agree,Mildly disagree,Mildly disagree,Mildly disagree,Mildly agree,Mildly agree,Mildly agree,Paper survey from Statue Park data between 2:30-3:00pm,A,,,
2024-09-14 14:50:45,2024-09-14 14:56:17,100,331,TRUE,2024-09-14 14:56:17,38.9267,-76.9758,anonymous,EN,1,"I consent, begin the study",27,Male,11216,Several times per week,Multi-family home/duplex,1-2,I view them as equally important,Recreation space benefits are a little more important,Mental health benefits are a little more important,I view them as equally important,I view them as equally important,I view them as equally important,Increased foot traffic is a little more important,Community gathering spaces are much more important,Community gathering spaces are much more important,I view them as equally important,Ecological benefits are much more important,Personal benefits are much more important,Mildly agree,Strongly disagree,Strongly agree,Unsure,Strongly agree,Strongly disagree,Strongly agree,Strongly disagree,Strongly agree,Strongly disagree,Strongly agree,Strongly disagree,Mildly agree,Strongly disagree,Strongly agree,,A,,,
2024-09-14 15:15:48,2024-09-14 15:47:22,100,1893,TRUE,2024-09-14 15:47:22,38.8597,-77.198,anonymous,EN,1,"I consent, begin the study",30,Male,20001,Several times per week,Multi-family home/duplex,3-4,I view them as equally important,I view them as equally important,I view them as equally important,I view them as equally important,I view them as equally important,I view them as equally important,Increased foot traffic is much more important,I view them as equally important,Community gathering spaces are much more important,Personal benefits are a little more important,I view them as equally important,I view them as equally important,Mildly agree,Mildly disagree,Strongly agree,Mildly agree,Strongly agree,Unsure,Strongly agree,Mildly disagree,Mildly agree,Strongly disagree,Mildly agree,Mildly disagree,Mildly agree,Unsure,Mildly agree,,A,,,
2024-09-14 17:00:27,2024-09-14 17:04:50,100,262,TRUE,2024-09-14 17:04:50,38.9091,-77.0203,anonymous,EN,0.899999976,"I consent, begin the study",32,Male,20005,Several times per year,Apartment complex,1-2,Mental health benefits are a little more important,Recreation space benefits are a little more important,Mental health benefits are much more important,Heat island reduction is much more important,Air and water filtration are a little more important,Heat island reduction is much more important,Increased foot traffic is much more important,Community gathering spaces are a little more important,Community gathering spaces are much more important,Personal benefits are much more important,Economic/social benefits are a little more important,Personal benefits are much more important,Mildly disagree,Mildly agree,Mildly agree,Mildly agree,Strongly agree,Mildly agree,Mildly agree,Mildly disagree,Mildly agree,Strongly disagree,Mildly disagree,Unsure,Unsure,Mildly agree,Strongly agree,,A,,,
2024-09-14 17:06:04,2024-09-14 17:12:34,58,389,FALSE,2024-09-21 17:12:34,,,anonymous,EN,0.800000012,"I consent, begin the study",,Other,20001,Several times per month,Multi-family home/duplex,1-2,I view them as equally important,Activity health benefits are a little more important,Activity health benefits are a little more important,I view them as equally important,Air and water filtration are a little more important,Increase in biodiversity is a little more important,Increased foot traffic is a little more important,Community gathering spaces are a little more important,Community gathering spaces are a little more important,Ecological benefits are a little more important,Economic/social benefits are a little more important,Economic/social benefits are a little more important,,,,,,,,,,,,,,,,,A,,,
2024-10-26 12:13:56,2024-10-26 12:20:26,100,390,TRUE,2024-10-26 12:20:27,38.6583,-77.2481,qr,EN,1,"I consent, begin the study",,Female,92407,Several times per week,Single family stand alone home,1-2,I view them as equally important,I view them as equally important,I view them as equally important,I view them as equally important,I view them as equally important,I view them as equally important,Increased foot traffic is much more important,I view them as equally important,Community gathering spaces are much more important,I view them as equally important,I view them as equally important,I view them as equally important,Strongly agree,Mildly disagree,Mildly agree,Mildly disagree,Strongly agree,Mildly disagree,Strongly agree,Mildly disagree,Strongly agree,Strongly disagree,Unsure,Strongly disagree,Mildly agree,Mildly disagree,Strongly agree,,A,,,
2024-10-26 12:39:50,2024-10-26 12:43:51,100,241,TRUE,2024-10-26 12:43:52,51.536,-0.0925,qr,EN,0.899999976,"I consent, begin the study",21,Male,23113,Several times per month,Single family stand alone home,3-4,I view them as equally important,Recreation space benefits are a little more important,Mental health benefits are a little more important,I view them as equally important,Increase in biodiversity is a little more important,Heat island reduction is a little more important,Increased foot traffic is much more important,Increased foot traffic is much more important,Community gathering spaces are much more important,Personal benefits are a little more important,Economic/social benefits are a little more important,Economic/social benefits are a little more important,Strongly disagree,Mildly agree,Mildly agree,Unsure,Mildly agree,Mildly agree,Mildly disagree,Mildly disagree,Mildly agree,Strongly disagree,Strongly disagree,Mildly disagree,Mildly agree,Unsure,Mildly agree,,A,,,
2024-10-26 12:39:19,2024-10-26 12:44:06,100,286,TRUE,2024-10-26 12:44:06,40.7503,-74.0014,qr,EN,1,"I consent, begin the study",31,Male,24109,Several times per week,Single family stand alone home,1-2,Recreation space benefits are much more important,Recreation space benefits are much more important,Activity health benefits are much more important,Heat island reduction is much more important,Increase in biodiversity is much more important,Increase in biodiversity is much more important,Increased foot traffic is much more important,Increased foot traffic is much more important,Community gathering spaces are much more important,Personal benefits are much more important,Ecological benefits are much more important,Economic/social benefits are much more important,Strongly agree,Strongly agree,Strongly agree,Strongly agree,Strongly agree,Strongly agree,Strongly agree,Strongly agree,Strongly agree,Strongly agree,Strongly agree,Strongly agree,Strongly agree,Unsure,Strongly agree,I love parks!,A,,,
2024-10-26 12:39:42,2024-10-26 12:44:55,100,312,TRUE,2024-10-26 12:44:55,37.4612,-77.395,qr,EN,1,"I consent, begin the study",21,Female,23113,Several times per month,Single family stand alone home,5,I view them as equally important,Recreation space benefits are a little more important,Mental health benefits are a little more important,Heat island reduction is a little more important,Air and water filtration are a little more important,Heat island reduction is a little more important,Increased foot traffic is much more important,Community gathering spaces are much more important,Community gathering spaces are much more important,Personal benefits are a little more important,Economic/social benefits are a little more important,Personal benefits are much more important,Strongly agree,Mildly agree,Mildly agree,Mildly agree,Strongly agree,Unsure,Strongly agree,Unsure,Mildly agree,Strongly disagree,Mildly agree,Strongly disagree,Mildly agree,Mildly disagree,Mildly agree,,A,,,
2024-10-26 12:39:21,2024-10-26 12:45:39,100,378,TRUE,2024-10-26 12:45:40,38.9034,-76.9882,qr,EN,1,"I consent, begin the study",29,Female,24019,Almost never,Single family stand alone home,1-2,I view them as equally important,I view them as equally important,I view them as equally important,Air and water filtration are much more important,I view them as equally important,Increase in biodiversity is a little more important,I view them as equally important,Increased foot traffic is much more important,Increased home prices are a little more important,I view them as equally important,I view them as equally important,I view them as equally important,Strongly agree,Mildly disagree,Mildly agree,Mildly disagree,Strongly agree,Mildly disagree,Strongly agree,Mildly disagree,Strongly agree,Mildly disagree,Strongly agree,Mildly disagree,Strongly agree,Strongly disagree,Strongly agree,,A,,,
2024-10-26 12:40:59,2024-10-26 12:49:19,100,499,TRUE,2024-10-26 12:49:20,38.9267,-76.9758,qr,EN,1,"I consent, begin the study",32,Male,10025,Several times per month,Apartment complex,1-2,Mental health benefits are much more important,Recreation space benefits are much more important,Activity health benefits are much more important,Air and water filtration are much more important,Increase in biodiversity is much more important,Heat island reduction is much more important,I view them as equally important,I view them as equally important,I view them as equally important,I view them as equally important,I view them as equally important,I view them as equally important,Strongly disagree,Mildly agree,Mildly disagree,Strongly disagree,Mildly disagree,Mildly agree,Mildly disagree,Mildly disagree,Mildly agree,Mildly agree,Strongly disagree,Mildly agree,Mildly disagree,Mildly agree,Mildly disagree,,A,,,
2024-10-26 12:43:03,2024-10-26 12:54:05,100,661,TRUE,2024-10-26 12:54:05,38.9057,-77.0319,qr,EN,1,"I consent, begin the study",31,Male,20001,Several times per month,Apartment complex,1-2,Recreation space benefits are a little more important,Recreation space benefits are a little more important,I view them as equally important,Heat island reduction is a little more important,Air and water filtration are a little more important,Heat island reduction is much more important,I view them as equally important,Community gathering spaces are much more important,Community gathering spaces are much more important,Personal benefits are a little more important,I view them as equally important,Personal benefits are a little more important,Strongly agree,Mildly disagree,Mildly agree,Mildly agree,Strongly agree,Mildly disagree,Strongly agree,Mildly disagree,Mildly agree,Strongly disagree,Unsure,Strongly disagree,Mildly agree,Mildly disagree,Strongly agree,,A,,,
2024-10-26 12:13:04,2024-10-26 14:05:54,100,6769,TRUE,2024-10-26 14:05:54,39.068,-76.9933,qr,EN,1,"I consent, begin the study",56,Female,21215,Several times per week,Other,1-2,Mental health benefits are much more important,Recreation space benefits are much more important,Activity health benefits are much more important,I view them as equally important,Increase in biodiversity is much more important,I view them as equally important,I view them as equally important,I view them as equally important,Community gathering spaces are much more important,I view them as equally important,I view them as equally important,I view them as equally important,Mildly agree,Strongly agree,Mildly agree,Strongly agree,Strongly agree,Strongly agree,Strongly agree,Unsure,Strongly agree,Unsure,Mildly agree,Strongly disagree,Strongly agree,Mildly agree,Strongly agree,I would love too see more pocket parks and I think if we all do what’s right that nature will control itself.,A,,,
2024-09-07 15:11:21,2024-09-07 15:18:35,100,434,TRUE,2024-09-07 15:18:36,38.9034,-76.9882,anonymous,EN,1,,25,Female,20009,Several times per month,Apartment complex,1-2,Recreation space benefits are a little more important,Recreation space benefits are a little more important,Mental health benefits are a little more important,I view them as equally important,Increase in biodiversity is a little more important,Increase in biodiversity is a little more important,Increased foot traffic is much more important,Community gathering spaces are much more important,Community gathering spaces are much more important,I view them as equally important,I view them as equally important,I view them as equally important,Strongly agree,Unsure,Strongly agree,Mildly agree,Strongly agree,Unsure,Unsure,Unsure,Mildly agree,Mildly disagree,Mildly agree,Mildly agree,Strongly agree,Mildly agree,Mildly agree,,B,,,
2024-09-07 15:15:03,2024-09-07 15:28:39,100,816,TRUE,2024-09-07 15:28:40,38.9091,-77.0203,anonymous,EN,0.899999976,"I consent, begin the study",24,Female,20850,Several times per week,Apartment complex,1-2,Mental health benefits are much more important,I view them as equally important,Mental health benefits are much more important,Heat island reduction is much more important,Air and water filtration are much more important,Heat island reduction is much more important,Increased foot traffic is much more important,Community gathering spaces are much more important,Community gathering spaces are much more important,Personal benefits are much more important,Economic/social benefits are much more important,Economic/social benefits are much more important,Strongly disagree,Mildly agree,Mildly agree,Mildly agree,Strongly agree,Strongly agree,Mildly disagree,Mildly disagree,Mildly agree,Strongly disagree,Strongly agree,Mildly agree,Mildly agree,Mildly disagree,Strongly agree,,B,,,
2024-09-07 15:15:04,2024-09-07 15:29:54,100,889,TRUE,2024-09-07 15:29:54,39.2909,-76.6096,anonymous,EN,1,"I consent, begin the study",24,Male,20850,Several times per week,Apartment complex,1-2,Mental health benefits are a little more important,Recreation space benefits are much more important,Mental health benefits are much more important,I view them as equally important,Increase in biodiversity is a little more important,Heat island reduction is a little more important,Increased foot traffic is much more important,Community gathering spaces are a little more important,Community gathering spaces are much more important,Ecological benefits are a little more important,Ecological benefits are a little more important,Economic/social benefits are a little more important,Strongly disagree,Mildly agree,Mildly disagree,Unsure,Mildly agree,Mildly agree,Strongly agree,Mildly disagree,Strongly agree,Strongly disagree,Mildly disagree,Strongly disagree,Mildly disagree,Unsure,Mildly agree,,B,,,
2024-09-07 15:36:41,2024-09-07 15:44:59,100,497,TRUE,2024-09-07 15:44:59,38.9057,-77.0319,anonymous,EN,1,"I consent, begin the study",52,Female,22310,Several times per month,Single family stand alone home,3-4,Mental health benefits are a little more important,I view them as equally important,Mental health benefits are a little more important,Air and water filtration are a little more important,I view them as equally important,Increase in biodiversity is a little more important,Increased foot traffic is much more important,I view them as equally important,Community gathering spaces are a little more important,I view them as equally important,I view them as equally important,I view them as equally important,Mildly agree,Mildly disagree,Mildly agree,Unsure,Mildly agree,Mildly agree,Mildly agree,Mildly disagree,Strongly agree,Mildly disagree,Mildly agree,Mildly disagree,Mildly agree,Unsure,Unsure,,B,,,
2024-09-07 15:39:30,2024-09-07 15:45:10,100,340,TRUE,2024-09-07 15:45:10,38.8892,-76.9417,anonymous,EN,1,"I consent, begin the study",70,Male,6117,Almost never,Single family stand alone home,1-2,I view them as equally important,I view them as equally important,I view them as equally important,Air and water filtration are much more important,Increase in biodiversity is much more important,I view them as equally important,I view them as equally important,I view them as equally important,I view them as equally important,,,,Strongly agree,Mildly agree,Strongly agree,Unsure,Strongly agree,Mildly agree,Strongly agree,Strongly disagree,Strongly agree,Strongly disagree,Strongly agree,Strongly disagree,Strongly agree,Mildly agree,Strongly agree,,B,,,
2024-09-07 16:01:30,2024-09-07 16:06:18,100,287,TRUE,2024-09-07 16:06:18,38.8892,-76.9417,anonymous,EN,1,"I consent, begin the study",30,Female,95133,Several times per year,Apartment complex,1-2,Mental health benefits are a little more important,Activity health benefits are much more important,Activity health benefits are much more important,I view them as equally important,I view them as equally important,I view them as equally important,Increased foot traffic is a little more important,I view them as equally important,I view them as equally important,Ecological benefits are a little more important,Ecological benefits are a little more important,Economic/social benefits are a little more important,Strongly agree,Mildly disagree,Mildly agree,Mildly agree,Strongly agree,Strongly agree,Mildly agree,Mildly agree,Strongly agree,Mildly agree,Strongly agree,Strongly disagree,Strongly agree,Strongly agree,Strongly agree,,B,,,
2024-09-07 15:58:27,2024-09-07 19:52:01,100,14014,TRUE,2024-09-07 19:52:02,38.9034,-76.9882,anonymous,EN,0.699999988,"I consent, begin the study",37,Female,20002,Several times per month,Other,1-2,Mental health benefits are much more important,Recreation space benefits are much more important,Mental health benefits are much more important,I view them as equally important,I view them as equally important,I view them as equally important,Increased foot traffic is much more important,Community gathering spaces are much more important,Community gathering spaces are much more important,I view them as equally important,I view them as equally important,I view them as equally important,Mildly agree,Mildly agree,Unsure,Strongly disagree,Strongly agree,Unsure,Unsure,Strongly disagree,Mildly agree,Strongly disagree,Mildly agree,Strongly disagree,Strongly agree,Mildly disagree,Strongly agree,,B,,,
2024-09-09 12:05:52,2024-09-09 12:08:25,100,152,TRUE,2024-09-09 12:08:25,38.9091,-77.0203,anonymous,EN,1,"I consent, begin the study",45,Female,22203,Several times per month,Apartment complex,1-2,I view them as equally important,I view them as equally important,I view them as equally important,Air and water filtration are much more important,Increase in biodiversity is much more important,Heat island reduction is much more important,I view them as equally important,I view them as equally important,I view them as equally important,I view them as equally important,I view them as equally important,Personal benefits are a little more important,Unsure,Mildly agree,Mildly agree,Unsure,Mildly disagree,Strongly agree,Strongly agree,Mildly agree,Strongly agree,Mildly agree,Mildly agree,Unsure,Mildly disagree,Mildly agree,Mildly disagree,Park-goer paper survey from Sep 7th.,B,,,
2024-09-09 14:10:35,2024-09-09 14:15:15,100,279,TRUE,2024-09-09 14:15:15,39.068,-76.9933,anonymous,EN,1,"I consent, begin the study",37,Female,81506,Several times per year,Single family stand alone home,3-4,Mental health benefits are much more important,I view them as equally important,Mental health benefits are a little more important,Air and water filtration are much more important,I view them as equally important,Increase in biodiversity is a little more important,Increased home prices are a little more important,Increased foot traffic is a little more important,Increased home prices are a little more important,Personal benefits are a little more important,Economic/social benefits are a little more important,Personal benefits are a little more important,Strongly agree,Unsure,Mildly agree,Mildly agree,Mildly agree,Mildly disagree,Mildly agree,Strongly disagree,Mildly agree,Mildly disagree,Mildly agree,Mildly agree,Mildly disagree,Unsure,Mildly agree,,B,,,
2024-09-09 14:07:21,2024-09-09 14:21:04,100,823,TRUE,2024-09-09 14:21:05,38.7741,-77.2385,anonymous,EN,1,"I consent, begin the study",65,Female,16826,Several times per year,Single family stand alone home,1-2,Mental health benefits are a little more important,Activity health benefits are a little more important,I view them as equally important,I view them as equally important,I view them as equally important,I view them as equally important,Increased foot traffic is a little more important,Community gathering spaces are a little more important,Community gathering spaces are a little more important,Personal benefits are a little more important,I view them as equally important,Personal benefits are a little more important,Unsure,Mildly disagree,Mildly agree,Mildly agree,Mildly agree,Mildly agree,Mildly agree,Mildly disagree,Mildly agree,Mildly disagree,Mildly disagree,Mildly disagree,Mildly agree,Mildly agree,Mildly agree,,B,,,
2024-09-07 15:32:41,2024-09-07 15:38:00,56,319,FALSE,2024-09-14 15:38:03,,,anonymous,EN,1,"I consent, begin the study",50,Female,20853,Several times per month,Apartment complex,1-2,Mental health benefits are much more important,Recreation space benefits are much more important,Activity health benefits are much more important,,,,Increased home prices are much more important,Increased foot traffic is a little more important,I view them as equally important,,,Economic/social benefits are much more important,,,,,,,,,,,,,,,,,B,,,
2024-09-07 15:39:38,2024-09-07 15:44:11,56,273,FALSE,2024-09-14 15:44:18,,,anonymous,EN,1,"I consent, begin the study",68,Female,6117,Almost never,Single family stand alone home,1-2,I view them as equally important,I view them as equally important,I view them as equally important,I view them as equally important,I view them as equally important,I view them as equally important,I view them as equally important,I view them as equally important,I view them as equally important,Ecological benefits much more important,I view them as equally important,I view them as equally important,,,,,,,,,,,,,,,,,B,,,
2024-09-14 15:42:16,2024-09-14 15:49:47,100,450,TRUE,2024-09-14 15:49:48,39.9528,-75.1646,anonymous,EN,1,"I consent, begin the study",20,Female,20745,Several times per month,Multi-family home/duplex,1-2,Mental health benefits are a little more important,I view them as equally important,Mental health benefits are a little more important,I view them as equally important,Air and water filtration are a little more important,Heat island reduction is a little more important,Increased foot traffic is much more important,Community gathering spaces are a little more important,Community gathering spaces are much more important,Ecological benefits are a little more important,Ecological benefits are much more important,I view them as equally important,Strongly agree,Unsure,Mildly agree,Unsure,Strongly agree,Unsure,Strongly agree,Mildly disagree,Strongly agree,Strongly disagree,Mildly agree,Mildly disagree,Unsure,Strongly disagree,Strongly agree,,B,,,
2024-09-14 15:45:00,2024-09-14 16:00:20,100,919,TRUE,2024-09-14 16:00:20,39.068,-76.9933,anonymous,EN,1,"I consent, begin the study",39,Female,20001,Several times per week,Apartment complex,1-2,I view them as equally important,Activity health benefits are a little more important,I view them as equally important,Heat island reduction is a little more important,Air and water filtration are a little more important,Heat island reduction is a little more important,Increased foot traffic is a little more important,Increased foot traffic is a little more important,Increased home prices are a little more important,Personal benefits are a little more important,Economic/social benefits are a little more important,Personal benefits are a little more important,Mildly disagree,Mildly disagree,Mildly agree,Mildly disagree,Mildly agree,Mildly disagree,Strongly agree,Mildly disagree,Mildly agree,Unsure,Mildly agree,Strongly disagree,Unsure,Mildly disagree,Mildly agree,,B,,,
2024-09-14 15:59:44,2024-09-14 16:11:14,100,689,TRUE,2024-09-14 16:11:14,38.9208,-77.036,anonymous,EN,1,"I consent, begin the study",39,Male,20001,Several times per week,Apartment complex,1-2,I view them as equally important,Activity health benefits are much more important,Mental health benefits are much more important,Heat island reduction is a little more important,Increase in biodiversity is a little more important,I view them as equally important,Increased foot traffic is a little more important,I view them as equally important,Community gathering spaces are a little more important,Personal benefits are much more important,Economic/social benefits are a little more important,Personal benefits are much more important,Strongly agree,Mildly agree,Mildly agree,Mildly disagree,Strongly agree,Strongly disagree,Strongly agree,Strongly disagree,Strongly agree,Strongly disagree,Strongly agree,Strongly disagree,Strongly agree,Unsure,Strongly agree,No,B,,,
2024-09-14 15:27:26,2024-09-14 18:46:05,100,11919,TRUE,2024-09-14 18:46:06,38.9009,-77.0464,anonymous,EN,1,"I consent, begin the study",18,Female,22101,Almost never,Multi-family home/duplex,5,Mental health benefits are much more important,Activity health benefits are much more important,I view them as equally important,Air and water filtration are much more important,I view them as equally important,I view them as equally important,I view them as equally important,I view them as equally important,I view them as equally important,I view them as equally important,I view them as equally important,Economic/social benefits are a little more important,Unsure,Mildly disagree,Unsure,Unsure,Strongly agree,Mildly agree,Strongly agree,Unsure,Unsure,Unsure,Unsure,Unsure,Unsure,Unsure,Unsure,,B,,,
2024-09-17 20:57:37,2024-09-17 21:26:05,100,1707,TRUE,2024-09-17 21:26:06,38.8851,-77.1803,anonymous,EN,1,"I consent, begin the study",,Female,20001,Several times per year,Apartment complex,3-4,Recreation space benefits are a little more important,I view them as equally important,I view them as equally important,Air and water filtration are a little more important,Air and water filtration are a little more important,Heat island reduction is a little more important,Increased home prices are a little more important,Community gathering spaces are a little more important,Community gathering spaces are a little more important,Personal benefits are a little more important,I view them as equally important,I view them as equally important,Mildly disagree,Mildly agree,Mildly agree,Unsure,Strongly agree,Mildly agree,Strongly agree,Mildly disagree,Strongly agree,Strongly disagree,Mildly agree,Unsure,Mildly disagree,Strongly disagree,Mildly agree,This survey was the most complicated I believe I’ve ever taken.,B,,,
2024-10-26 13:13:25,2024-10-26 13:21:13,100,467,TRUE,2024-10-26 13:21:14,39.0115,-76.969,qr,EN,1,"I consent, begin the study",39,Female,20001,Several times per week,Apartment complex,5,I view them as equally important,I view them as equally important,I view them as equally important,I view them as equally important,Increase in biodiversity is much more important,Heat island reduction is much more important,I view them as equally important,I view them as equally important,Community gathering spaces are much more important,Ecological benefits are a little more important,Ecological benefits are much more important,Economic/social benefits are much more important,Unsure,Mildly disagree,Mildly agree,Unsure,Strongly agree,Mildly agree,Strongly agree,Strongly agree,Strongly agree,Mildly disagree,Mildly agree,Mildly disagree,Strongly agree,Strongly disagree,Strongly agree,,B,,,
2024-10-26 13:19:23,2024-10-26 13:30:49,100,686,TRUE,2024-10-26 13:30:49,38.9267,-76.9758,qr,EN,1,"I consent, begin the study",,Prefer not to answer,22102,Almost never,Apartment complex,1-2,Mental health benefits are much more important,Activity health benefits are a little more important,Mental health benefits are a little more important,Air and water filtration are much more important,I view them as equally important,Increase in biodiversity is a little more important,Increased foot traffic is a little more important,I view them as equally important,Community gathering spaces are much more important,I view them as equally important,I view them as equally important,I view them as equally important,Mildly agree,Mildly agree,Mildly agree,Strongly agree,Strongly agree,Mildly agree,Mildly agree,Mildly disagree,Mildly agree,Mildly disagree,Strongly agree,Mildly agree,Mildly agree,Mildly agree,Mildly agree,,B,,,
2024-10-26 13:19:19,2024-10-26 13:32:23,100,783,TRUE,2024-10-26 13:32:24,38.9034,-76.9882,qr,EN,1,"I consent, begin the study",26,Female,22102,Almost never,Apartment complex,1-2,Mental health benefits are much more important,I view them as equally important,Activity health benefits are a little more important,I view them as equally important,Air and water filtration are a little more important,Increase in biodiversity is a little more important,Increased foot traffic is much more important,I view them as equally important,Community gathering spaces are a little more important,I view them as equally important,Ecological benefits are a little more important,Economic/social benefits are a little more important,Strongly agree,Mildly disagree,Strongly agree,Unsure,Strongly agree,Strongly agree,Mildly agree,Mildly agree,Mildly agree,Strongly disagree,Mildly agree,Mildly disagree,Mildly agree,Mildly disagree,Mildly agree,,B,,,
2024-09-09 10:58:08,2024-09-09 11:03:57,100,349,TRUE,2024-09-09 11:03:58,38.9091,-77.0203,anonymous,EN,0.600000024,"I consent, begin the study",29,Male,20001,Several times per week,Apartment complex,1-2,Recreation space benefits are a little more important,Activity health benefits are a little more important,Activity health benefits are a little more important,Air and water filtration are much more important,Increase in biodiversity is a little more important,Increase in biodiversity is a little more important,Increased foot traffic is much more important,Increased foot traffic is a little more important,Community gathering spaces are a little more important,Personal benefits are a little more important,I view them as equally important,Economic/social benefits are much more important,Mildly agree,Mildly agree,Strongly agree,Mildly agree,Strongly agree,Strongly agree,Mildly agree,Unsure,Strongly agree,Mildly disagree,Mildly agree,Mildly disagree,Strongly agree,Mildly agree,Mildly agree,Go green!,C,,,
2024-09-14 13:28:04,2024-09-14 13:47:37,100,1172,TRUE,2024-09-14 13:47:37,38.9994,-77.0336,anonymous,EN,0.699999988,"I consent, begin the study",21,Female,76706,Several times per year,Single family stand alone home,3-4,I view them as equally important,I view them as equally important,I view them as equally important,Air and water filtration are much more important,I view them as equally important,Increase in biodiversity is a little more important,Increased foot traffic is a little more important,Community gathering spaces are much more important,Community gathering spaces are a little more important,,,I view them as equally important,Strongly disagree,Mildly disagree,Mildly agree,Mildly agree,Strongly agree,Strongly agree,Mildly agree,Unsure,Strongly agree,Mildly agree,Mildly disagree,Unsure,Unsure,Unsure,Mildly disagree,,C,,,
2024-09-26 14:27:19,2024-09-26 14:42:59,100,939,TRUE,2024-09-26 14:43:00,38.8155,-77.1205,anonymous,EN,1,"I consent, begin the study",34,Female,20190,Several times per month,Other,3-4,Mental health benefits are much more important,Recreation space benefits are much more important,Mental health benefits are a little more important,I view them as equally important,Air and water filtration are much more important,Heat island reduction is much more important,Increased foot traffic is much more important,Community gathering spaces are much more important,Community gathering spaces are a little more important,Personal benefits are much more important,I view them as equally important,Personal benefits are a little more important,Unsure,Strongly disagree,Strongly agree,Strongly disagree,Strongly agree,Mildly disagree,Mildly disagree,Strongly disagree,Strongly agree,Strongly disagree,Mildly disagree,Strongly disagree,Strongly disagree,Strongly disagree,Unsure,Thanks for caring about the environment and its impact on us!,C,,,
2024-10-02 16:13:14,2024-10-02 16:16:59,100,225,TRUE,2024-10-02 16:17:00,38.9172,-77.0709,anonymous,EN,1,"I consent, begin the study",,Male,20007,Several times per week,Apartment complex,1-2,I view them as equally important,I view them as equally important,I view them as equally important,I view them as equally important,I view them as equally important,I view them as equally important,Increased foot traffic is a little more important,I view them as equally important,Increased home prices are a little more important,I view them as equally important,Economic/social benefits are a little more important,I view them as equally important,Strongly disagree,Mildly agree,Mildly disagree,Unsure,Mildly disagree,Strongly agree,Strongly disagree,Mildly agree,Strongly agree,Strongly agree,Strongly disagree,Strongly agree,Strongly disagree,Mildly agree,Strongly disagree,Great survey thanks,C,,,
2024-10-02 16:13:02,2024-10-02 16:19:02,100,359,TRUE,2024-10-02 16:19:02,38.8892,-76.9417,anonymous,EN,1,"I consent, begin the study",30,Female,20016,Several times per week,Apartment complex,3-4,I view them as equally important,I view them as equally important,Mental health benefits are a little more important,Heat island reduction is a little more important,Air and water filtration are a little more important,Heat island reduction is a little more important,Increased foot traffic is much more important,Community gathering spaces are much more important,Community gathering spaces are a little more important,I view them as equally important,I view them as equally important,I view them as equally important,Mildly disagree,Strongly disagree,Strongly agree,Mildly agree,Strongly agree,Mildly disagree,Strongly agree,Strongly disagree,Mildly agree,Strongly disagree,Mildly agree,Mildly agree,Mildly agree,Unsure,Unsure,,C,,,
2024-10-02 16:18:15,2024-10-02 16:24:38,100,382,TRUE,2024-10-02 16:24:38,37.751,-97.822,anonymous,EN,0.800000012,"I consent, begin the study",,Female,20002,Several times per week,Single family stand alone home,3-4,Mental health benefits are much more important,Recreation space benefits are much more important,Activity health benefits are much more important,I view them as equally important,I view them as equally important,I view them as equally important,I view them as equally important,I view them as equally important,I view them as equally important,I view them as equally important,I view them as equally important,I view them as equally important,Mildly disagree,Mildly disagree,Mildly agree,Mildly disagree,Strongly agree,Strongly disagree,Mildly agree,Strongly disagree,Strongly agree,Mildly disagree,Strongly agree,Mildly agree,Mildly agree,Strongly disagree,Mildly agree,Nope!,C,,,
2024-10-02 16:15:50,2024-10-02 16:26:03,100,612,TRUE,2024-10-02 16:26:04,39.5257,-77.9716,anonymous,EN,1,"I consent, begin the study",42,Male,20002,Several times per month,Other,3-4,Recreation space benefits are a little more important,I view them as equally important,Activity health benefits are a little more important,Heat island reduction is a little more important,Increase in biodiversity is much more important,Increase in biodiversity is much more important,I view them as equally important,Community gathering spaces are a little more important,Community gathering spaces are a little more important,Personal benefits are a little more important,Economic/social benefits are much more important,Economic/social benefits are a little more important,Mildly disagree,Mildly agree,Mildly agree,Mildly disagree,Mildly agree,Mildly disagree,Mildly disagree,Strongly disagree,Strongly agree,Strongly disagree,Mildly disagree,Mildly agree,Mildly disagree,Mildly disagree,Mildly agree,I live in a (single family) rowhouse (didn't see that option so put other),C,,,
2024-10-02 16:15:51,2024-10-02 16:31:40,100,949,TRUE,2024-10-02 16:31:41,38.9095,-77.0436,anonymous,EN,1,"I consent, begin the study",23,Female,20002,Several times per week,Single family stand alone home,3-4,Mental health benefits are much more important,Recreation space benefits are much more important,Mental health benefits are much more important,Air and water filtration are much more important,Air and water filtration are much more important,I view them as equally important,I view them as equally important,Community gathering spaces are much more important,Community gathering spaces are a little more important,Personal benefits are much more important,Ecological benefits are much more important,Personal benefits are much more important,Unsure,Mildly agree,Mildly disagree,Strongly disagree,Strongly agree,Mildly disagree,Strongly disagree,Mildly disagree,Strongly agree,Mildly agree,Mildly disagree,Mildly agree,Unsure,Mildly disagree,Mildly agree,,C,,,
2024-10-02 16:31:24,2024-10-02 16:34:47,100,202,TRUE,2024-10-02 16:34:47,38.9034,-76.9882,anonymous,EN,1,"I consent, begin the study",30,Male,20003,Almost never,Single family stand alone home,3-4,Mental health benefits are much more important,Activity health benefits are much more important,Activity health benefits are much more important,I view them as equally important,Increase in biodiversity is much more important,Increase in biodiversity is much more important,Increased foot traffic is much more important,Increased foot traffic is much more important,Increased home prices are much more important,Ecological benefits are a little more important,Ecological benefits are much more important,Personal benefits are much more important,Strongly disagree,Mildly agree,Strongly disagree,Strongly agree,Strongly disagree,Strongly agree,Strongly disagree,Strongly agree,Strongly agree,Strongly agree,Strongly disagree,Strongly agree,Strongly disagree,Mildly agree,Strongly disagree,,C,,,
2024-10-02 16:38:09,2024-10-02 16:41:30,100,201,TRUE,2024-10-02 16:41:31,38.8842,-76.9941,anonymous,EN,1,"I consent, begin the study",24,Female,20002,Several times per month,Single family stand alone home,3-4,Mental health benefits are a little more important,Recreation space benefits are a little more important,Mental health benefits are a little more important,I view them as equally important,I view them as equally important,I view them as equally important,Increased foot traffic is a little more important,Community gathering spaces are a little more important,Community gathering spaces are a little more important,,,I view them as equally important,Strongly disagree,Mildly agree,Mildly agree,Mildly agree,Mildly agree,Mildly agree,Mildly disagree,Mildly disagree,Strongly agree,Strongly agree,Mildly disagree,Mildly agree,Mildly disagree,Mildly disagree,Mildly disagree,,C,,,
2024-10-02 16:38:19,2024-10-02 16:43:52,100,332,TRUE,2024-10-02 16:43:52,38.9034,-76.9882,anonymous,EN,1,"I consent, begin the study",60,Female,20003,Several times per month,Single family stand alone home,1-2,Recreation space benefits are much more important,I view them as equally important,Activity health benefits are a little more important,I view them as equally important,I view them as equally important,I view them as equally important,I view them as equally important,Community gathering spaces are a little more important,Community gathering spaces are a little more important,I view them as equally important,I view them as equally important,I view them as equally important,Strongly disagree,Mildly agree,Mildly agree,Mildly agree,Strongly disagree,Mildly agree,Mildly agree,Unsure,Mildly agree,Strongly agree,Strongly disagree,Mildly agree,Mildly disagree,Mildly disagree,Strongly disagree,,C,,,
2024-10-02 16:41:37,2024-10-02 16:50:23,100,526,TRUE,2024-10-02 16:50:24,36.8848,-76.1472,anonymous,EN,1,"I consent, begin the study",53,Female,20020,Several times per year,Single family stand alone home,5,I view them as equally important,Recreation space benefits are a little more important,Mental health benefits are a little more important,Air and water filtration are much more important,Air and water filtration are much more important,Heat island reduction is a little more important,Increased home prices are a little more important,Community gathering spaces are a little more important,Community gathering spaces are a little more important,Personal benefits are a little more important,Economic/social benefits are a little more important,Economic/social benefits are a little more important,Unsure,Mildly disagree,Mildly agree,Unsure,Mildly agree,Unsure,Mildly disagree,Mildly disagree,Strongly agree,Unsure,Unsure,Mildly agree,Unsure,Mildly disagree,Unsure,,C,,,
2024-10-02 16:40:56,2024-10-02 16:53:38,100,762,TRUE,2024-10-02 16:53:39,38.7783,-77.1219,anonymous,EN,1,"I consent, begin the study",41,Female,20002,Several times per month,Other,3-4,I view them as equally important,Recreation space benefits are a little more important,Activity health benefits are a little more important,Heat island reduction is a little more important,Air and water filtration are a little more important,Heat island reduction is a little more important,I view them as equally important,Community gathering spaces are a little more important,Community gathering spaces are a little more important,I view them as equally important,Economic/social benefits are a little more important,I view them as equally important,Strongly disagree,Unsure,Mildly agree,Mildly agree,Mildly agree,Unsure,Mildly disagree,Mildly disagree,Mildly agree,Mildly disagree,Mildly disagree,Mildly agree,Mildly agree,Unsure,Mildly agree,,C,,,
2024-10-02 16:56:59,2024-10-02 17:01:40,100,281,TRUE,2024-10-02 17:01:41,38.9635,-76.9672,anonymous,EN,0.899999976,"I consent, begin the study",28,Female,20785,Several times per year,Single family stand alone home,5,Recreation space benefits are much more important,Recreation space benefits are much more important,I view them as equally important,I view them as equally important,I view them as equally important,Increase in biodiversity is a little more important,Increased foot traffic is a little more important,Community gathering spaces are much more important,Community gathering spaces are a little more important,Personal benefits are much more important,Economic/social benefits are a little more important,Personal benefits are a little more important,Strongly disagree,Strongly agree,Mildly disagree,Mildly agree,Mildly disagree,Mildly agree,Strongly disagree,Mildly disagree,Mildly agree,Mildly agree,Strongly disagree,Strongly agree,Mildly disagree,Mildly agree,Mildly disagree,,C,,,
2024-10-02 17:09:53,2024-10-02 17:13:34,100,221,TRUE,2024-10-02 17:13:35,38.9522,-77.0253,anonymous,EN,1,"I consent, begin the study",23,Male,20009,Almost never,Multi-family home/duplex,5,I view them as equally important,Recreation space benefits are a little more important,I view them as equally important,I view them as equally important,Air and water filtration are much more important,Heat island reduction is much more important,Increased foot traffic is much more important,Community gathering spaces are a little more important,Community gathering spaces are a little more important,Personal benefits are much more important,Economic/social benefits are much more important,I view them as equally important,Mildly disagree,Mildly agree,Strongly agree,Strongly agree,Strongly agree,Mildly agree,Mildly agree,Strongly disagree,Mildly agree,Mildly disagree,Mildly disagree,Mildly agree,Unsure,Unsure,Strongly agree,,C,,,
2024-10-02 17:12:02,2024-10-02 17:18:11,100,368,TRUE,2024-10-02 17:18:12,38.9034,-76.9882,anonymous,EN,1,"I consent, begin the study",38,Female,20003,Several times per month,Apartment complex,3-4,I view them as equally important,I view them as equally important,I view them as equally important,Heat island reduction is much more important,Increase in biodiversity is much more important,I view them as equally important,Increased foot traffic is a little more important,Community gathering spaces are a little more important,Community gathering spaces are a little more important,Ecological benefits are a little more important,Ecological benefits are a little more important,Personal benefits are a little more important,Mildly disagree,Mildly disagree,Strongly agree,Mildly agree,Mildly agree,Mildly agree,Mildly agree,Mildly disagree,Mildly agree,Mildly disagree,Strongly agree,Strongly agree,Mildly agree,Unsure,Mildly agree,,C,,,
2024-10-02 17:30:29,2024-10-02 17:37:43,100,433,TRUE,2024-10-02 17:37:43,33.4601,-117.6382,anonymous,EN,1,"I consent, begin the study",37,Male,20002,Several times per week,Single family stand alone home,3-4,Mental health benefits are a little more important,I view them as equally important,Mental health benefits are a little more important,Heat island reduction is much more important,Increase in biodiversity is much more important,I view them as equally important,I view them as equally important,Increased foot traffic is a little more important,Increased home prices are much more important,Personal benefits are much more important,Economic/social benefits are a little more important,Personal benefits are a little more important,Strongly disagree,Mildly agree,Mildly disagree,Strongly agree,Mildly agree,Mildly agree,Strongly disagree,Mildly agree,Strongly agree,Mildly agree,Mildly disagree,Mildly agree,Mildly disagree,Mildly agree,Mildly disagree,,C,,,
2024-10-02 17:31:32,2024-10-02 17:50:05,100,1112,TRUE,2024-10-02 17:50:05,38.9324,-77.0271,anonymous,EN,1,"I consent, begin the study",38,Female,20019,Several times per year,Single family stand alone home,1-2,Recreation space benefits are a little more important,Activity health benefits are a little more important,Activity health benefits are a little more important,Heat island reduction is a little more important,Air and water filtration are a little more important,Heat island reduction is a little more important,Increased home prices are a little more important,Community gathering spaces are a little more important,Increased home prices are a little more important,Ecological benefits are a little more important,Economic/social benefits are a little more important,Economic/social benefits are a little more important,Mildly disagree,Mildly disagree,Mildly disagree,Mildly disagree,Mildly disagree,Mildly disagree,Unsure,Mildly disagree,Mildly agree,Unsure,Unsure,Mildly agree,Mildly agree,Mildly disagree,Unsure,,C,,,
2024-10-02 19:28:35,2024-10-02 19:33:52,100,317,TRUE,2024-10-02 19:33:53,38.9034,-76.9882,anonymous,EN,1,"I consent, begin the study",48,Male,20002,Several times per week,Single family stand alone home,3-4,I view them as equally important,Activity health benefits are a little more important,Activity health benefits are a little more important,Heat island reduction is a little more important,Increase in biodiversity is a little more important,I view them as equally important,Increased home prices are a little more important,I view them as equally important,Increased home prices are a little more important,I view them as equally important,I view them as equally important,I view them as equally important,Mildly disagree,Mildly agree,Mildly disagree,Mildly disagree,Mildly agree,Mildly agree,Mildly disagree,Mildly disagree,Mildly agree,Mildly disagree,Mildly disagree,Mildly agree,Mildly agree,Mildly disagree,Mildly agree,,C,,,
2024-10-02 19:33:20,2024-10-02 19:44:14,100,654,TRUE,2024-10-02 19:44:15,38.9392,-77.0584,anonymous,EN,1,"I consent, begin the study",46,Female,20816,Several times per year,Single family stand alone home,3-4,Mental health benefits are a little more important,I view them as equally important,Mental health benefits are a little more important,I view them as equally important,I view them as equally important,I view them as equally important,I view them as equally important,Increased foot traffic is a little more important,Increased home prices are a little more important,I view them as equally important,I view them as equally important,Personal benefits are a little more important,Mildly disagree,Mildly disagree,Mildly agree,Mildly disagree,Strongly disagree,Unsure,Mildly agree,Mildly disagree,Strongly agree,Mildly disagree,Mildly disagree,Strongly agree,Mildly agree,Strongly disagree,Mildly agree,,C,,,
2024-10-02 19:45:15,2024-10-02 19:55:11,100,595,TRUE,2024-10-02 19:55:12,38.8597,-77.198,anonymous,EN,1,"I consent, begin the study",38,Female,22042,Several times per week,Other,1-2,Mental health benefits are a little more important,Activity health benefits are a little more important,I view them as equally important,I view them as equally important,I view them as equally important,I view them as equally important,Increased foot traffic is much more important,I view them as equally important,Community gathering spaces are a little more important,I view them as equally important,Ecological benefits are a little more important,I view them as equally important,Mildly disagree,Strongly disagree,Mildly agree,Mildly agree,Mildly agree,Strongly agree,Strongly agree,Mildly disagree,Strongly agree,Mildly agree,Mildly disagree,Strongly agree,Mildly agree,Strongly disagree,Unsure,,C,,,
2024-10-02 19:51:16,2024-10-02 19:58:25,100,429,TRUE,2024-10-02 19:58:26,39.0469,-77.4903,anonymous,EN,1,"I consent, begin the study",44,Female,20024,Several times per week,Multi-family home/duplex,5,I view them as equally important,Recreation space benefits are a little more important,I view them as equally important,I view them as equally important,Air and water filtration are a little more important,Heat island reduction is a little more important,Increased foot traffic is a little more important,I view them as equally important,Community gathering spaces are a little more important,Personal benefits are a little more important,Ecological benefits are much more important,I view them as equally important,Mildly disagree,Mildly disagree,Mildly agree,Strongly disagree,Strongly agree,Unsure,Mildly disagree,Strongly disagree,Strongly agree,Strongly disagree,Mildly disagree,Mildly disagree,Mildly agree,Strongly disagree,Strongly agree,"One of the (many) problems of Christian nationalism is being taught that humans have dominion over the earth in a way that means humans can use and abuse without any consequences. This interpretation was never intended in the Scriptures, and I believe humans are largely in denial about the consequences of our actions and greed. And Christians are no exception, and in some cases, the worst abusers.",C,,,
2024-10-02 20:12:39,2024-10-02 20:28:38,100,958,TRUE,2024-10-02 20:28:38,38.8606,-76.9776,anonymous,EN,1,"I consent, begin the study",33,Female,20020,Several times per month,Single family stand alone home,3-4,I view them as equally important,I view them as equally important,I view them as equally important,I view them as equally important,Increase in biodiversity is a little more important,Increase in biodiversity is a little more important,I view them as equally important,Community gathering spaces are much more important,Community gathering spaces are a little more important,Personal benefits are a little more important,I view them as equally important,Personal benefits are a little more important,Unsure,Strongly agree,Strongly agree,Unsure,Strongly agree,Mildly disagree,Mildly agree,Strongly disagree,Strongly agree,Mildly disagree,Mildly disagree,Strongly agree,Strongly agree,Strongly disagree,Mildly agree,,C,,,
2024-10-02 20:23:29,2024-10-02 20:28:45,100,315,TRUE,2024-10-02 20:28:45,38.8606,-76.9776,anonymous,EN,1,"I consent, begin the study",34,Male,20020,Several times per year,Single family stand alone home,3-4,Recreation space benefits are much more important,Recreation space benefits are a little more important,Activity health benefits are much more important,Heat island reduction is much more important,Air and water filtration are much more important,Heat island reduction is much more important,Increased home prices are much more important,Community gathering spaces are much more important,Increased home prices are much more important,Personal benefits are much more important,Economic/social benefits are much more important,Economic/social benefits are much more important,Strongly disagree,Mildly agree,Mildly agree,Strongly agree,Mildly agree,Strongly agree,Strongly disagree,Strongly disagree,Strongly agree,Mildly disagree,Strongly disagree,Strongly agree,Mildly disagree,Mildly disagree,Mildly disagree,,C,,,
2024-10-02 21:15:55,2024-10-02 21:25:41,100,585,TRUE,2024-10-02 21:25:41,38.8606,-76.9776,anonymous,EN,1,"I consent, begin the study",35,Female,20032,Several times per month,Single family stand alone home,5,Mental health benefits are much more important,I view them as equally important,I view them as equally important,I view them as equally important,Air and water filtration are a little more important,I view them as equally important,Increased home prices are much more important,Community gathering spaces are much more important,Community gathering spaces are a little more important,I view them as equally important,Economic/social benefits are a little more important,I view them as equally important,Strongly disagree,Mildly agree,Mildly disagree,Mildly agree,Mildly agree,Strongly agree,Mildly disagree,Mildly agree,Mildly disagree,Mildly disagree,Strongly disagree,Strongly agree,Strongly agree,Mildly disagree,Unsure,"I am a person of Christian faith and this informs my world view of being good stewards of the Earth while still enjoying and taking dominion over plants, earth and animals.",C,,,
2024-10-02 21:34:50,2024-10-02 21:46:22,100,691,TRUE,2024-10-02 21:46:22,38.8606,-76.9776,anonymous,EN,1,"I consent, begin the study",40,Female,20020,Several times per month,Apartment complex,1-2,Recreation space benefits are a little more important,Recreation space benefits are a little more important,Mental health benefits are a little more important,Heat island reduction is a little more important,Increase in biodiversity is a little more important,Increase in biodiversity is much more important,Increased foot traffic is a little more important,Community gathering spaces are much more important,Community gathering spaces are a little more important,Personal benefits are much more important,Economic/social benefits are a little more important,Personal benefits are a little more important,Mildly disagree,Mildly agree,Mildly agree,Mildly agree,Mildly agree,Strongly agree,Mildly agree,Mildly agree,Mildly agree,Unsure,Mildly disagree,Mildly disagree,Mildly disagree,Mildly agree,Mildly agree,We need more pocket parks East of the River,C,,,
2024-10-02 22:04:39,2024-10-02 22:09:26,100,286,TRUE,2024-10-02 22:09:27,38.9324,-77.0271,anonymous,EN,1,"I consent, begin the study",30,Male,20002,Several times per week,Apartment complex,3-4,Recreation space benefits are much more important,Recreation space benefits are much more important,I view them as equally important,Heat island reduction is a little more important,I view them as equally important,Heat island reduction is much more important,I view them as equally important,I view them as equally important,Community gathering spaces are a little more important,Personal benefits are much more important,Economic/social benefits are much more important,Personal benefits are a little more important,Strongly disagree,Strongly agree,Mildly disagree,Strongly agree,Mildly agree,Mildly agree,Strongly disagree,Mildly agree,Strongly agree,Mildly agree,Strongly disagree,Strongly agree,Mildly agree,Unsure,Mildly disagree,,C,,,
2024-10-03 6:13:20,2024-10-03 6:26:09,100,769,TRUE,2024-10-03 6:26:10,37.751,-97.822,anonymous,EN,0.899999976,"I consent, begin the study",55,Male,20012,Several times per month,Single family stand alone home,5,Mental health benefits are a little more important,Recreation space benefits are a little more important,Mental health benefits are a little more important,I view them as equally important,I view them as equally important,I view them as equally important,Increased home prices are a little more important,Community gathering spaces are much more important,Community gathering spaces are a little more important,I view them as equally important,Ecological benefits are a little more important,Personal benefits are a little more important,Strongly disagree,Mildly agree,Mildly agree,Mildly disagree,Mildly agree,Mildly agree,Mildly disagree,Mildly disagree,Mildly agree,Mildly agree,Mildly disagree,Mildly agree,Mildly disagree,Unsure,Unsure,"I feel that these survey questions do not allow for a nuanced Christian theology of ecological stewardship. There is need for greater definition, specifically in terms of how closely you will associate human rule (dominion) with abusive or destructive resource management.",C,,,
2024-10-03 7:14:47,2024-10-03 7:20:18,100,331,TRUE,2024-10-03 7:20:19,38.9034,-76.9882,anonymous,EN,1,"I consent, begin the study",39,Female,20018,Several times per year,Single family stand alone home,3-4,I view them as equally important,I view them as equally important,I view them as equally important,I view them as equally important,I view them as equally important,I view them as equally important,Increased foot traffic is a little more important,Community gathering spaces are a little more important,Community gathering spaces are a little more important,I view them as equally important,I view them as equally important,I view them as equally important,Mildly agree,Mildly agree,Mildly agree,Unsure,Mildly agree,Mildly agree,Mildly agree,Mildly disagree,Mildly agree,Mildly disagree,Unsure,Mildly agree,Mildly disagree,Mildly disagree,Mildly agree,,C,,,
2024-10-03 8:44:23,2024-10-03 8:47:03,100,160,TRUE,2024-10-03 8:47:04,38.9206,-76.8787,anonymous,EN,1,"I consent, begin the study",44,Female,20785,Almost never,Single family stand alone home,1-2,Mental health benefits are a little more important,Recreation space benefits are a little more important,Mental health benefits are much more important,Heat island reduction is a little more important,Increase in biodiversity is much more important,Increase in biodiversity is a little more important,Increased foot traffic is much more important,Community gathering spaces are much more important,Community gathering spaces are a little more important,Ecological benefits much more important,Ecological benefits are a little more important,Personal benefits are a little more important,Mildly disagree,Mildly disagree,Strongly agree,Unsure,Strongly agree,Mildly agree,Mildly agree,Strongly disagree,Strongly agree,Strongly disagree,Strongly agree,Strongly disagree,Strongly agree,Strongly disagree,Strongly agree,,C,,,
2024-10-03 10:37:20,2024-10-03 10:41:12,100,231,TRUE,2024-10-03 10:41:13,38.9522,-77.0253,anonymous,EN,1,"I consent, begin the study",59,Female,20017,Several times per year,Multi-family home/duplex,1-2,I view them as equally important,I view them as equally important,I view them as equally important,Heat island reduction is a little more important,Increase in biodiversity is a little more important,I view them as equally important,Increased home prices are a little more important,Community gathering spaces are a little more important,I view them as equally important,I view them as equally important,Ecological benefits are a little more important,Economic/social benefits are a little more important,Strongly agree,Mildly disagree,Strongly agree,Mildly disagree,Strongly agree,Mildly disagree,Mildly disagree,Strongly disagree,Mildly agree,Strongly disagree,Strongly agree,Unsure,Unsure,Mildly disagree,Strongly agree,,C,,,
2024-10-03 12:30:51,2024-10-03 12:34:33,100,222,TRUE,2024-10-03 12:34:34,38.8574,-77.1,anonymous,EN,1,"I consent, begin the study",26,Female,22203,Several times per year,Single family stand alone home,3-4,Recreation space benefits are a little more important,Activity health benefits are much more important,Activity health benefits are much more important,Air and water filtration are much more important,Increase in biodiversity is much more important,Increase in biodiversity is much more important,Increased home prices are a little more important,Community gathering spaces are much more important,Community gathering spaces are a little more important,Ecological benefits are a little more important,Ecological benefits are a little more important,Economic/social benefits are a little more important,Mildly agree,Mildly disagree,Strongly agree,Mildly agree,Strongly agree,Mildly disagree,Mildly agree,Strongly disagree,Strongly agree,Strongly disagree,Unsure,Mildly agree,Mildly agree,Mildly disagree,Strongly agree,,C,,,
2024-10-03 12:21:08,2024-10-03 14:29:39,100,7710,TRUE,2024-10-03 14:29:40,38.8078,-77.0523,anonymous,EN,1,"I consent, begin the study",46,Male,22304,Several times per year,Multi-family home/duplex,1-2,Recreation space benefits are a little more important,Recreation space benefits are a little more important,Activity health benefits are a little more important,Heat island reduction is a little more important,Air and water filtration are a little more important,Heat island reduction is much more important,Increased home prices are a little more important,Community gathering spaces are much more important,Community gathering spaces are a little more important,Personal benefits are much more important,Economic/social benefits are a little more important,Personal benefits are a little more important,Strongly disagree,Mildly agree,Mildly agree,Unsure,Mildly agree,Mildly agree,Mildly agree,Unsure,Strongly agree,Unsure,Mildly disagree,Unsure,Mildly agree,Mildly disagree,Mildly disagree,"I appreciate the social/personal benefits conferred by pocket parks and the ecological benefits conferred by larger parks.  However, pocket parks are so small that they rarely function as contiguous habitat for anything more than non-winged insects or microorganisms.  They offer benefits, they are not a good substitute for other ecological practices that can take place on larger pieces of land (including suburban lawns).",C,,,
2024-10-03 17:27:23,2024-10-03 17:37:44,100,621,TRUE,2024-10-03 17:37:45,38.9522,-77.0253,anonymous,EN,1,"I consent, begin the study",27,Male,20001,Several times per month,Multi-family home/duplex,1-2,I view them as equally important,Activity health benefits are a little more important,I view them as equally important,Heat island reduction is a little more important,Increase in biodiversity is a little more important,Heat island reduction is a little more important,Increased foot traffic is a little more important,Community gathering spaces are a little more important,Community gathering spaces are a little more important,Personal benefits are a little more important,Economic/social benefits are a little more important,Personal benefits are a little more important,Strongly disagree,Mildly agree,Mildly disagree,Mildly agree,Mildly agree,Strongly agree,Mildly agree,Unsure,Strongly agree,Mildly agree,Mildly agree,Mildly agree,Unsure,Unsure,Strongly disagree,,C,,,
2024-10-03 17:48:54,2024-10-03 17:58:07,100,552,TRUE,2024-10-03 17:58:08,38.9522,-77.0253,anonymous,EN,1,"I consent, begin the study",22,Male,20009,Several times per year,Single family stand alone home,5,Recreation space benefits are a little more important,Recreation space benefits are a little more important,I view them as equally important,Air and water filtration are a little more important,I view them as equally important,Increase in biodiversity is a little more important,I view them as equally important,Increased foot traffic is a little more important,Increased home prices are a little more important,Personal benefits are a little more important,I view them as equally important,Personal benefits are a little more important,Mildly disagree,Mildly agree,Mildly agree,Mildly agree,Mildly agree,Mildly agree,Mildly disagree,Mildly disagree,Strongly agree,Unsure,Mildly disagree,Mildly agree,Mildly agree,Strongly disagree,Unsure,,C,,,
2024-10-03 20:37:51,2024-10-03 20:44:05,100,374,TRUE,2024-10-03 20:44:06,38.9208,-77.036,anonymous,EN,1,"I consent, begin the study",32,Female,20002,Several times per month,Other,3-4,Mental health benefits are a little more important,I view them as equally important,Mental health benefits are a little more important,Heat island reduction is a little more important,Air and water filtration are a little more important,Heat island reduction is much more important,Increased home prices are much more important,Community gathering spaces are much more important,Increased home prices are a little more important,Personal benefits are a little more important,Economic/social benefits are a little more important,Economic/social benefits are a little more important,Mildly disagree,Strongly disagree,Strongly agree,Mildly agree,Strongly agree,Mildly disagree,Mildly agree,Strongly disagree,Strongly agree,Mildly agree,Mildly agree,Unsure,Mildly agree,Strongly disagree,Unsure,,C,,,
2024-10-03 21:34:01,2024-10-03 21:53:51,100,1190,TRUE,2024-10-03 21:53:53,38.9034,-76.9882,anonymous,EN,1,"I consent, begin the study",69,Female,20002,Several times per month,Multi-family home/duplex,1-2,I view them as equally important,Recreation space benefits are a little more important,I view them as equally important,I view them as equally important,Air and water filtration are a little more important,Heat island reduction is a little more important,Increased foot traffic is a little more important,Community gathering spaces are a little more important,Community gathering spaces are a little more important,I view them as equally important,I view them as equally important,I view them as equally important,Strongly agree,Mildly agree,Mildly agree,Mildly agree,Strongly agree,Mildly disagree,Mildly agree,Strongly disagree,Strongly agree,Strongly disagree,Mildly agree,Strongly disagree,Mildly agree,Strongly disagree,Strongly agree,"Caring for pocket parks, setting aside the resources to care for them, and encouraging community ownership of park health and order as very important factors in policy development. Pocket parks can’t fulfill environmental, social and real estate benefit goals if they are not well cared for and seen as a positive asset. It can be especially demoralizing to a community to start with an ambitious development but experience decline because maintenance and the sustainability of the project was neglected.",C,,,
2024-10-05 12:48:45,2024-10-05 12:53:51,100,306,TRUE,2024-10-05 12:53:51,38.9034,-76.9882,anonymous,EN,1,"I consent, begin the study",29,Female,20002,Several times per month,Single family stand alone home,1-2,I view them as equally important,Recreation space benefits are a little more important,Mental health benefits are a little more important,I view them as equally important,Air and water filtration are much more important,Heat island reduction is much more important,Increased foot traffic is a little more important,Increased foot traffic is a little more important,Community gathering spaces are a little more important,Ecological benefits are a little more important,Ecological benefits are a little more important,I view them as equally important,Mildly agree,Mildly agree,Mildly disagree,Mildly agree,Strongly agree,Mildly agree,Strongly agree,Mildly disagree,Strongly agree,Strongly disagree,Mildly disagree,Mildly agree,Mildly disagree,Mildly disagree,Strongly agree,,C,,,
2024-10-06 13:03:58,2024-10-06 13:10:32,100,394,TRUE,2024-10-06 13:10:33,39.0469,-77.4903,anonymous,EN,1,"I consent, begin the study",33,Female,22302,Several times per month,Multi-family home/duplex,1-2,Mental health benefits are much more important,I view them as equally important,I view them as equally important,I view them as equally important,I view them as equally important,I view them as equally important,I view them as equally important,I view them as equally important,I view them as equally important,I view them as equally important,I view them as equally important,I view them as equally important,Strongly agree,Strongly disagree,Strongly agree,Unsure,Strongly agree,Strongly agree,Strongly agree,Strongly disagree,Strongly agree,Strongly disagree,Strongly agree,Strongly disagree,Strongly agree,Strongly disagree,Strongly agree,,C,,,
2024-10-08 14:55:54,2024-10-08 15:03:14,100,440,TRUE,2024-10-08 15:03:15,38.9034,-76.9882,anonymous,EN,1,"I consent, begin the study",40,Male,20002,Several times per month,Single family stand alone home,1-2,Mental health benefits are a little more important,I view them as equally important,I view them as equally important,Heat island reduction is a little more important,Air and water filtration are a little more important,Heat island reduction is a little more important,Increased foot traffic is much more important,Community gathering spaces are a little more important,Community gathering spaces are a little more important,Ecological benefits are a little more important,Ecological benefits are a little more important,Economic/social benefits are a little more important,Mildly agree,Mildly agree,Mildly agree,Mildly disagree,Mildly agree,Mildly disagree,Mildly disagree,Mildly disagree,Strongly agree,Mildly disagree,Mildly agree,Strongly agree,Mildly agree,Strongly disagree,Strongly agree,,C,,,
2024-10-09 9:08:05,2024-10-09 9:12:42,100,276,TRUE,2024-10-09 9:12:42,40.2327,-76.9331,anonymous,EN,1,"I consent, begin the study",33,Female,17050,Several times per month,Single family stand alone home,1-2,I view them as equally important,I view them as equally important,I view them as equally important,I view them as equally important,I view them as equally important,I view them as equally important,I view them as equally important,Community gathering spaces are a little more important,Community gathering spaces are a little more important,I view them as equally important,Ecological benefits are a little more important,I view them as equally important,Mildly disagree,Mildly disagree,Mildly agree,Unsure,Strongly agree,Mildly disagree,Mildly agree,Strongly disagree,Mildly agree,Strongly disagree,Mildly disagree,Mildly agree,Mildly agree,Mildly disagree,Mildly agree,,C,,,
2024-10-02 17:23:59,2024-10-02 17:30:32,38,393,FALSE,2024-10-09 17:30:35,,,anonymous,EN,1,"I consent, begin the study",25,Female,20002,Several times per week,,1-2,I view them as equally important,Recreation space benefits are much more important,Mental health benefits are much more important,Heat island reduction is much more important,Increase in biodiversity is much more important,Heat island reduction is much more important,,,,,,,,,,,,,,,,,,,,,,,C,,,